timestamp,config_hash,input_files,random_seed,status,reason,stack,model,held_out_region,n_train,n_test,n_test_dropped_unseen_class,oa,macro_f1,classes_train,classes_test_evaluated
20260612T173523Z,13c231aedc6c4af000cc8e3d111c543a4f647b4d8bedc4a01eb286ff8f65d8e5,config_fold3_teacher_vhr_repair_20260613.yaml;data/features_fold3_teacher_vhr_repair_20260613/B0.csv,42,OK,,B0,RandomForest,advisor_vhr_cell_39_1,604,18,0,0.3888888888888889,0.17777777777777778,1|2|3|4|5|6,1|3|4
20260612T173527Z,13c231aedc6c4af000cc8e3d111c543a4f647b4d8bedc4a01eb286ff8f65d8e5,config_fold3_teacher_vhr_repair_20260613.yaml;data/features_fold3_teacher_vhr_repair_20260613/B0.csv,42,OK,,B0,XGBoost,advisor_vhr_cell_39_1,604,18,0,0.3333333333333333,0.15584415584415584,1|2|3|4|5|6,1|3|4
20260612T173530Z,13c231aedc6c4af000cc8e3d111c543a4f647b4d8bedc4a01eb286ff8f65d8e5,config_fold3_teacher_vhr_repair_20260613.yaml;data/features_fold3_teacher_vhr_repair_20260613/B0.csv,42,OK,,B0,RandomForest,advisor_vhr_cell_39_2,572,50,0,0.58,0.41711040798477134,1|2|3|4|5|6,1|2|3|4|6
20260612T173534Z,13c231aedc6c4af000cc8e3d111c543a4f647b4d8bedc4a01eb286ff8f65d8e5,config_fold3_teacher_vhr_repair_20260613.yaml;data/features_fold3_teacher_vhr_repair_20260613/B0.csv,42,OK,,B0,XGBoost,advisor_vhr_cell_39_2,572,50,0,0.58,0.3981813015061097,1|2|3|4|5|6,1|2|3|4|6
20260612T173537Z,13c231aedc6c4af000cc8e3d111c543a4f647b4d8bedc4a01eb286ff8f65d8e5,config_fold3_teacher_vhr_repair_20260613.yaml;data/features_fold3_teacher_vhr_repair_20260613/B0.csv,42,OK,,B0,RandomForest,advisor_vhr_cell_40_2,595,27,0,0.5555555555555556,0.2600732600732601,1|2|3|4|5|6,1|2|3|4|5
20260612T173540Z,13c231aedc6c4af000cc8e3d111c543a4f647b4d8bedc4a01eb286ff8f65d8e5,config_fold3_teacher_vhr_repair_20260613.yaml;data/features_fold3_teacher_vhr_repair_20260613/B0.csv,42,OK,,B0,XGBoost,advisor_vhr_cell_40_2,595,27,0,0.5555555555555556,0.25412087912087916,1|2|3|4|5|6,1|2|3|4|5
20260612T173544Z,13c231aedc6c4af000cc8e3d111c543a4f647b4d8bedc4a01eb286ff8f65d8e5,config_fold3_teacher_vhr_repair_20260613.yaml;data/features_fold3_teacher_vhr_repair_20260613/B0.csv,42,OK,,B0,RandomForest,fold3_teacher_vhr_cell_88_2,621,1,0,0.0,0.0,1|2|3|4|5|6,5
20260612T173548Z,13c231aedc6c4af000cc8e3d111c543a4f647b4d8bedc4a01eb286ff8f65d8e5,config_fold3_teacher_vhr_repair_20260613.yaml;data/features_fold3_teacher_vhr_repair_20260613/B0.csv,42,OK,,B0,XGBoost,fold3_teacher_vhr_cell_88_2,621,1,0,0.0,0.0,1|2|3|4|5|6,5
20260612T173552Z,13c231aedc6c4af000cc8e3d111c543a4f647b4d8bedc4a01eb286ff8f65d8e5,config_fold3_teacher_vhr_repair_20260613.yaml;data/features_fold3_teacher_vhr_repair_20260613/B0.csv,42,OK,,B0,RandomForest,fold3_teacher_vhr_cell_88_3,621,1,0,0.0,0.0,1|2|3|4|5|6,6
20260612T173556Z,13c231aedc6c4af000cc8e3d111c543a4f647b4d8bedc4a01eb286ff8f65d8e5,config_fold3_teacher_vhr_repair_20260613.yaml;data/features_fold3_teacher_vhr_repair_20260613/B0.csv,42,OK,,B0,XGBoost,fold3_teacher_vhr_cell_88_3,621,1,0,0.0,0.0,1|2|3|4|5|6,6
20260612T173600Z,13c231aedc6c4af000cc8e3d111c543a4f647b4d8bedc4a01eb286ff8f65d8e5,config_fold3_teacher_vhr_repair_20260613.yaml;data/features_fold3_teacher_vhr_repair_20260613/B0.csv,42,OK,,B0,RandomForest,fold3_teacher_vhr_cell_88_4,621,1,0,1.0,1.0,1|2|3|4|5|6,5
20260612T173603Z,13c231aedc6c4af000cc8e3d111c543a4f647b4d8bedc4a01eb286ff8f65d8e5,config_fold3_teacher_vhr_repair_20260613.yaml;data/features_fold3_teacher_vhr_repair_20260613/B0.csv,42,OK,,B0,XGBoost,fold3_teacher_vhr_cell_88_4,621,1,0,1.0,1.0,1|2|3|4|5|6,5
20260612T173607Z,13c231aedc6c4af000cc8e3d111c543a4f647b4d8bedc4a01eb286ff8f65d8e5,config_fold3_teacher_vhr_repair_20260613.yaml;data/features_fold3_teacher_vhr_repair_20260613/B0.csv,42,OK,,B0,RandomForest,johor_negeri_pahang_rubber_belt,547,75,0,0.28,0.22705802968960861,1|2|3|4|5|6,1|2|4
20260612T173611Z,13c231aedc6c4af000cc8e3d111c543a4f647b4d8bedc4a01eb286ff8f65d8e5,config_fold3_teacher_vhr_repair_20260613.yaml;data/features_fold3_teacher_vhr_repair_20260613/B0.csv,42,OK,,B0,XGBoost,johor_negeri_pahang_rubber_belt,547,75,0,0.25333333333333335,0.16461038961038962,1|2|3|4|5|6,1|2|4
20260612T173615Z,13c231aedc6c4af000cc8e3d111c543a4f647b4d8bedc4a01eb286ff8f65d8e5,config_fold3_teacher_vhr_repair_20260613.yaml;data/features_fold3_teacher_vhr_repair_20260613/B0.csv,42,OK,,B0,RandomForest,kedah_perlis_paddy_belt,491,131,0,0.35877862595419846,0.24676643920595534,1|2|3|4|5|6,3|5|6
20260612T173618Z,13c231aedc6c4af000cc8e3d111c543a4f647b4d8bedc4a01eb286ff8f65d8e5,config_fold3_teacher_vhr_repair_20260613.yaml;data/features_fold3_teacher_vhr_repair_20260613/B0.csv,42,OK,,B0,XGBoost,kedah_perlis_paddy_belt,491,131,0,0.3511450381679389,0.238990638990639,1|2|3|4|5|6,3|5|6
20260612T173622Z,13c231aedc6c4af000cc8e3d111c543a4f647b4d8bedc4a01eb286ff8f65d8e5,config_fold3_teacher_vhr_repair_20260613.yaml;data/features_fold3_teacher_vhr_repair_20260613/B0.csv,42,OK,,B0,RandomForest,study_area,304,318,0,0.2389937106918239,0.2544257300011074,1|2|3|4|5|6,1|2|3|4|5|6
20260612T173625Z,13c231aedc6c4af000cc8e3d111c543a4f647b4d8bedc4a01eb286ff8f65d8e5,config_fold3_teacher_vhr_repair_20260613.yaml;data/features_fold3_teacher_vhr_repair_20260613/B0.csv,42,OK,,B0,XGBoost,study_area,304,318,0,0.27044025157232704,0.288127933679286,1|2|3|4|5|6,1|2|3|4|5|6
20260612T173627Z,13c231aedc6c4af000cc8e3d111c543a4f647b4d8bedc4a01eb286ff8f65d8e5,config_fold3_teacher_vhr_repair_20260613.yaml;data/features_fold3_teacher_vhr_repair_20260613/B1.csv,42,OK,,B1,RandomForest,advisor_vhr_cell_39_1,604,18,0,0.4444444444444444,0.22272727272727275,1|2|3|4|5|6,1|3|4
20260612T173630Z,13c231aedc6c4af000cc8e3d111c543a4f647b4d8bedc4a01eb286ff8f65d8e5,config_fold3_teacher_vhr_repair_20260613.yaml;data/features_fold3_teacher_vhr_repair_20260613/B1.csv,42,OK,,B1,XGBoost,advisor_vhr_cell_39_1,604,18,0,0.5,0.35,1|2|3|4|5|6,1|3|4
20260612T173635Z,13c231aedc6c4af000cc8e3d111c543a4f647b4d8bedc4a01eb286ff8f65d8e5,config_fold3_teacher_vhr_repair_20260613.yaml;data/features_fold3_teacher_vhr_repair_20260613/B1.csv,42,OK,,B1,RandomForest,advisor_vhr_cell_39_2,572,50,0,0.6,0.414176245210728,1|2|3|4|5|6,1|2|3|4|6
20260612T173638Z,13c231aedc6c4af000cc8e3d111c543a4f647b4d8bedc4a01eb286ff8f65d8e5,config_fold3_teacher_vhr_repair_20260613.yaml;data/features_fold3_teacher_vhr_repair_20260613/B1.csv,42,OK,,B1,XGBoost,advisor_vhr_cell_39_2,572,50,0,0.64,0.4334876543209876,1|2|3|4|5|6,1|2|3|4|6
20260612T173643Z,13c231aedc6c4af000cc8e3d111c543a4f647b4d8bedc4a01eb286ff8f65d8e5,config_fold3_teacher_vhr_repair_20260613.yaml;data/features_fold3_teacher_vhr_repair_20260613/B1.csv,42,OK,,B1,RandomForest,advisor_vhr_cell_40_2,595,27,0,0.5925925925925926,0.33474747474747474,1|2|3|4|5|6,1|2|3|4|5
20260612T173647Z,13c231aedc6c4af000cc8e3d111c543a4f647b4d8bedc4a01eb286ff8f65d8e5,config_fold3_teacher_vhr_repair_20260613.yaml;data/features_fold3_teacher_vhr_repair_20260613/B1.csv,42,OK,,B1,XGBoost,advisor_vhr_cell_40_2,595,27,0,0.6666666666666666,0.5936853002070392,1|2|3|4|5|6,1|2|3|4|5
20260612T173649Z,13c231aedc6c4af000cc8e3d111c543a4f647b4d8bedc4a01eb286ff8f65d8e5,config_fold3_teacher_vhr_repair_20260613.yaml;data/features_fold3_teacher_vhr_repair_20260613/B1.csv,42,OK,,B1,RandomForest,fold3_teacher_vhr_cell_88_2,621,1,0,0.0,0.0,1|2|3|4|5|6,5
20260612T173652Z,13c231aedc6c4af000cc8e3d111c543a4f647b4d8bedc4a01eb286ff8f65d8e5,config_fold3_teacher_vhr_repair_20260613.yaml;data/features_fold3_teacher_vhr_repair_20260613/B1.csv,42,OK,,B1,XGBoost,fold3_teacher_vhr_cell_88_2,621,1,0,0.0,0.0,1|2|3|4|5|6,5
20260612T173654Z,13c231aedc6c4af000cc8e3d111c543a4f647b4d8bedc4a01eb286ff8f65d8e5,config_fold3_teacher_vhr_repair_20260613.yaml;data/features_fold3_teacher_vhr_repair_20260613/B1.csv,42,OK,,B1,RandomForest,fold3_teacher_vhr_cell_88_3,621,1,0,0.0,0.0,1|2|3|4|5|6,6
20260612T173657Z,13c231aedc6c4af000cc8e3d111c543a4f647b4d8bedc4a01eb286ff8f65d8e5,config_fold3_teacher_vhr_repair_20260613.yaml;data/features_fold3_teacher_vhr_repair_20260613/B1.csv,42,OK,,B1,XGBoost,fold3_teacher_vhr_cell_88_3,621,1,0,0.0,0.0,1|2|3|4|5|6,6
20260612T173700Z,13c231aedc6c4af000cc8e3d111c543a4f647b4d8bedc4a01eb286ff8f65d8e5,config_fold3_teacher_vhr_repair_20260613.yaml;data/features_fold3_teacher_vhr_repair_20260613/B1.csv,42,OK,,B1,RandomForest,fold3_teacher_vhr_cell_88_4,621,1,0,1.0,1.0,1|2|3|4|5|6,5
20260612T173703Z,13c231aedc6c4af000cc8e3d111c543a4f647b4d8bedc4a01eb286ff8f65d8e5,config_fold3_teacher_vhr_repair_20260613.yaml;data/features_fold3_teacher_vhr_repair_20260613/B1.csv,42,OK,,B1,XGBoost,fold3_teacher_vhr_cell_88_4,621,1,0,0.0,0.0,1|2|3|4|5|6,5
20260612T173706Z,13c231aedc6c4af000cc8e3d111c543a4f647b4d8bedc4a01eb286ff8f65d8e5,config_fold3_teacher_vhr_repair_20260613.yaml;data/features_fold3_teacher_vhr_repair_20260613/B1.csv,42,OK,,B1,RandomForest,johor_negeri_pahang_rubber_belt,547,75,0,0.29333333333333333,0.18305408583186358,1|2|3|4|5|6,1|2|4
20260612T173708Z,13c231aedc6c4af000cc8e3d111c543a4f647b4d8bedc4a01eb286ff8f65d8e5,config_fold3_teacher_vhr_repair_20260613.yaml;data/features_fold3_teacher_vhr_repair_20260613/B1.csv,42,OK,,B1,XGBoost,johor_negeri_pahang_rubber_belt,547,75,0,0.30666666666666664,0.1893094949049038,1|2|3|4|5|6,1|2|4
20260612T173712Z,13c231aedc6c4af000cc8e3d111c543a4f647b4d8bedc4a01eb286ff8f65d8e5,config_fold3_teacher_vhr_repair_20260613.yaml;data/features_fold3_teacher_vhr_repair_20260613/B1.csv,42,OK,,B1,RandomForest,kedah_perlis_paddy_belt,491,131,0,0.4961832061068702,0.3286193722692446,1|2|3|4|5|6,3|5|6
20260612T173715Z,13c231aedc6c4af000cc8e3d111c543a4f647b4d8bedc4a01eb286ff8f65d8e5,config_fold3_teacher_vhr_repair_20260613.yaml;data/features_fold3_teacher_vhr_repair_20260613/B1.csv,42,OK,,B1,XGBoost,kedah_perlis_paddy_belt,491,131,0,0.5114503816793893,0.3365501853991608,1|2|3|4|5|6,3|5|6
20260612T173717Z,13c231aedc6c4af000cc8e3d111c543a4f647b4d8bedc4a01eb286ff8f65d8e5,config_fold3_teacher_vhr_repair_20260613.yaml;data/features_fold3_teacher_vhr_repair_20260613/B1.csv,42,OK,,B1,RandomForest,study_area,304,318,0,0.36163522012578614,0.3746545199165165,1|2|3|4|5|6,1|2|3|4|5|6
20260612T173720Z,13c231aedc6c4af000cc8e3d111c543a4f647b4d8bedc4a01eb286ff8f65d8e5,config_fold3_teacher_vhr_repair_20260613.yaml;data/features_fold3_teacher_vhr_repair_20260613/B1.csv,42,OK,,B1,XGBoost,study_area,304,318,0,0.3867924528301887,0.3824840969679338,1|2|3|4|5|6,1|2|3|4|5|6
20260612T173722Z,13c231aedc6c4af000cc8e3d111c543a4f647b4d8bedc4a01eb286ff8f65d8e5,config_fold3_teacher_vhr_repair_20260613.yaml;data/features_fold3_teacher_vhr_repair_20260613/B2.csv,42,OK,,B2,RandomForest,advisor_vhr_cell_39_1,604,18,0,0.6666666666666666,0.547270955165692,1|2|3|4|5|6,1|3|4
20260612T173724Z,13c231aedc6c4af000cc8e3d111c543a4f647b4d8bedc4a01eb286ff8f65d8e5,config_fold3_teacher_vhr_repair_20260613.yaml;data/features_fold3_teacher_vhr_repair_20260613/B2.csv,42,OK,,B2,XGBoost,advisor_vhr_cell_39_1,604,18,0,0.5,0.27999999999999997,1|2|3|4|5|6,1|3|4
20260612T173727Z,13c231aedc6c4af000cc8e3d111c543a4f647b4d8bedc4a01eb286ff8f65d8e5,config_fold3_teacher_vhr_repair_20260613.yaml;data/features_fold3_teacher_vhr_repair_20260613/B2.csv,42,OK,,B2,RandomForest,advisor_vhr_cell_39_2,572,50,0,0.7,0.6013071895424836,1|2|3|4|5|6,1|2|3|4|6
20260612T173731Z,13c231aedc6c4af000cc8e3d111c543a4f647b4d8bedc4a01eb286ff8f65d8e5,config_fold3_teacher_vhr_repair_20260613.yaml;data/features_fold3_teacher_vhr_repair_20260613/B2.csv,42,OK,,B2,XGBoost,advisor_vhr_cell_39_2,572,50,0,0.7,0.7181277672359265,1|2|3|4|5|6,1|2|3|4|6
20260612T173733Z,13c231aedc6c4af000cc8e3d111c543a4f647b4d8bedc4a01eb286ff8f65d8e5,config_fold3_teacher_vhr_repair_20260613.yaml;data/features_fold3_teacher_vhr_repair_20260613/B2.csv,42,OK,,B2,RandomForest,advisor_vhr_cell_40_2,595,27,0,0.7037037037037037,0.4586666666666666,1|2|3|4|5|6,1|2|3|4|5
20260612T173736Z,13c231aedc6c4af000cc8e3d111c543a4f647b4d8bedc4a01eb286ff8f65d8e5,config_fold3_teacher_vhr_repair_20260613.yaml;data/features_fold3_teacher_vhr_repair_20260613/B2.csv,42,OK,,B2,XGBoost,advisor_vhr_cell_40_2,595,27,0,0.7407407407407407,0.5452380952380952,1|2|3|4|5|6,1|2|3|4|5
20260612T173738Z,13c231aedc6c4af000cc8e3d111c543a4f647b4d8bedc4a01eb286ff8f65d8e5,config_fold3_teacher_vhr_repair_20260613.yaml;data/features_fold3_teacher_vhr_repair_20260613/B2.csv,42,OK,,B2,RandomForest,fold3_teacher_vhr_cell_88_2,621,1,0,0.0,0.0,1|2|3|4|5|6,5
20260612T173741Z,13c231aedc6c4af000cc8e3d111c543a4f647b4d8bedc4a01eb286ff8f65d8e5,config_fold3_teacher_vhr_repair_20260613.yaml;data/features_fold3_teacher_vhr_repair_20260613/B2.csv,42,OK,,B2,XGBoost,fold3_teacher_vhr_cell_88_2,621,1,0,0.0,0.0,1|2|3|4|5|6,5
20260612T173744Z,13c231aedc6c4af000cc8e3d111c543a4f647b4d8bedc4a01eb286ff8f65d8e5,config_fold3_teacher_vhr_repair_20260613.yaml;data/features_fold3_teacher_vhr_repair_20260613/B2.csv,42,OK,,B2,RandomForest,fold3_teacher_vhr_cell_88_3,621,1,0,0.0,0.0,1|2|3|4|5|6,6
20260612T173746Z,13c231aedc6c4af000cc8e3d111c543a4f647b4d8bedc4a01eb286ff8f65d8e5,config_fold3_teacher_vhr_repair_20260613.yaml;data/features_fold3_teacher_vhr_repair_20260613/B2.csv,42,OK,,B2,XGBoost,fold3_teacher_vhr_cell_88_3,621,1,0,0.0,0.0,1|2|3|4|5|6,6
20260612T173749Z,13c231aedc6c4af000cc8e3d111c543a4f647b4d8bedc4a01eb286ff8f65d8e5,config_fold3_teacher_vhr_repair_20260613.yaml;data/features_fold3_teacher_vhr_repair_20260613/B2.csv,42,OK,,B2,RandomForest,fold3_teacher_vhr_cell_88_4,621,1,0,1.0,1.0,1|2|3|4|5|6,5
20260612T173751Z,13c231aedc6c4af000cc8e3d111c543a4f647b4d8bedc4a01eb286ff8f65d8e5,config_fold3_teacher_vhr_repair_20260613.yaml;data/features_fold3_teacher_vhr_repair_20260613/B2.csv,42,OK,,B2,XGBoost,fold3_teacher_vhr_cell_88_4,621,1,0,1.0,1.0,1|2|3|4|5|6,5
20260612T173754Z,13c231aedc6c4af000cc8e3d111c543a4f647b4d8bedc4a01eb286ff8f65d8e5,config_fold3_teacher_vhr_repair_20260613.yaml;data/features_fold3_teacher_vhr_repair_20260613/B2.csv,42,OK,,B2,RandomForest,johor_negeri_pahang_rubber_belt,547,75,0,0.22666666666666666,0.2173817173817174,1|2|3|4|5|6,1|2|4
20260612T173756Z,13c231aedc6c4af000cc8e3d111c543a4f647b4d8bedc4a01eb286ff8f65d8e5,config_fold3_teacher_vhr_repair_20260613.yaml;data/features_fold3_teacher_vhr_repair_20260613/B2.csv,42,OK,,B2,XGBoost,johor_negeri_pahang_rubber_belt,547,75,0,0.26666666666666666,0.24965823650034177,1|2|3|4|5|6,1|2|4
20260612T173759Z,13c231aedc6c4af000cc8e3d111c543a4f647b4d8bedc4a01eb286ff8f65d8e5,config_fold3_teacher_vhr_repair_20260613.yaml;data/features_fold3_teacher_vhr_repair_20260613/B2.csv,42,OK,,B2,RandomForest,kedah_perlis_paddy_belt,491,131,0,0.4198473282442748,0.28259436469962784,1|2|3|4|5|6,3|5|6
20260612T173801Z,13c231aedc6c4af000cc8e3d111c543a4f647b4d8bedc4a01eb286ff8f65d8e5,config_fold3_teacher_vhr_repair_20260613.yaml;data/features_fold3_teacher_vhr_repair_20260613/B2.csv,42,OK,,B2,XGBoost,kedah_perlis_paddy_belt,491,131,0,0.35877862595419846,0.26238770028711683,1|2|3|4|5|6,3|5|6
20260612T173803Z,13c231aedc6c4af000cc8e3d111c543a4f647b4d8bedc4a01eb286ff8f65d8e5,config_fold3_teacher_vhr_repair_20260613.yaml;data/features_fold3_teacher_vhr_repair_20260613/B2.csv,42,OK,,B2,RandomForest,study_area,304,318,0,0.4811320754716981,0.4495602455879331,1|2|3|4|5|6,1|2|3|4|5|6
20260612T173806Z,13c231aedc6c4af000cc8e3d111c543a4f647b4d8bedc4a01eb286ff8f65d8e5,config_fold3_teacher_vhr_repair_20260613.yaml;data/features_fold3_teacher_vhr_repair_20260613/B2.csv,42,OK,,B2,XGBoost,study_area,304,318,0,0.44025157232704404,0.41059300727706316,1|2|3|4|5|6,1|2|3|4|5|6
20260612T173807Z,13c231aedc6c4af000cc8e3d111c543a4f647b4d8bedc4a01eb286ff8f65d8e5,config_fold3_teacher_vhr_repair_20260613.yaml;data/features_fold3_teacher_vhr_repair_20260613/B3.csv,42,OK,,B3,RandomForest,advisor_vhr_cell_39_1,604,18,0,0.5555555555555556,0.3986111111111111,1|2|3|4|5|6,1|3|4
20260612T173809Z,13c231aedc6c4af000cc8e3d111c543a4f647b4d8bedc4a01eb286ff8f65d8e5,config_fold3_teacher_vhr_repair_20260613.yaml;data/features_fold3_teacher_vhr_repair_20260613/B3.csv,42,OK,,B3,XGBoost,advisor_vhr_cell_39_1,604,18,0,0.5555555555555556,0.4790552584670231,1|2|3|4|5|6,1|3|4
20260612T173813Z,13c231aedc6c4af000cc8e3d111c543a4f647b4d8bedc4a01eb286ff8f65d8e5,config_fold3_teacher_vhr_repair_20260613.yaml;data/features_fold3_teacher_vhr_repair_20260613/B3.csv,42,OK,,B3,RandomForest,advisor_vhr_cell_39_2,572,50,0,0.74,0.7370114942528736,1|2|3|4|5|6,1|2|3|4|6
20260612T173815Z,13c231aedc6c4af000cc8e3d111c543a4f647b4d8bedc4a01eb286ff8f65d8e5,config_fold3_teacher_vhr_repair_20260613.yaml;data/features_fold3_teacher_vhr_repair_20260613/B3.csv,42,OK,,B3,XGBoost,advisor_vhr_cell_39_2,572,50,0,0.72,0.7276190476190476,1|2|3|4|5|6,1|2|3|4|6
20260612T173818Z,13c231aedc6c4af000cc8e3d111c543a4f647b4d8bedc4a01eb286ff8f65d8e5,config_fold3_teacher_vhr_repair_20260613.yaml;data/features_fold3_teacher_vhr_repair_20260613/B3.csv,42,OK,,B3,RandomForest,advisor_vhr_cell_40_2,595,27,0,0.7407407407407407,0.5464285714285715,1|2|3|4|5|6,1|2|3|4|5
20260612T173821Z,13c231aedc6c4af000cc8e3d111c543a4f647b4d8bedc4a01eb286ff8f65d8e5,config_fold3_teacher_vhr_repair_20260613.yaml;data/features_fold3_teacher_vhr_repair_20260613/B3.csv,42,OK,,B3,XGBoost,advisor_vhr_cell_40_2,595,27,0,0.7777777777777778,0.754399585921325,1|2|3|4|5|6,1|2|3|4|5
20260612T173824Z,13c231aedc6c4af000cc8e3d111c543a4f647b4d8bedc4a01eb286ff8f65d8e5,config_fold3_teacher_vhr_repair_20260613.yaml;data/features_fold3_teacher_vhr_repair_20260613/B3.csv,42,OK,,B3,RandomForest,fold3_teacher_vhr_cell_88_2,621,1,0,0.0,0.0,1|2|3|4|5|6,5
20260612T173826Z,13c231aedc6c4af000cc8e3d111c543a4f647b4d8bedc4a01eb286ff8f65d8e5,config_fold3_teacher_vhr_repair_20260613.yaml;data/features_fold3_teacher_vhr_repair_20260613/B3.csv,42,OK,,B3,XGBoost,fold3_teacher_vhr_cell_88_2,621,1,0,0.0,0.0,1|2|3|4|5|6,5
20260612T173830Z,13c231aedc6c4af000cc8e3d111c543a4f647b4d8bedc4a01eb286ff8f65d8e5,config_fold3_teacher_vhr_repair_20260613.yaml;data/features_fold3_teacher_vhr_repair_20260613/B3.csv,42,OK,,B3,RandomForest,fold3_teacher_vhr_cell_88_3,621,1,0,0.0,0.0,1|2|3|4|5|6,6
20260612T173832Z,13c231aedc6c4af000cc8e3d111c543a4f647b4d8bedc4a01eb286ff8f65d8e5,config_fold3_teacher_vhr_repair_20260613.yaml;data/features_fold3_teacher_vhr_repair_20260613/B3.csv,42,OK,,B3,XGBoost,fold3_teacher_vhr_cell_88_3,621,1,0,0.0,0.0,1|2|3|4|5|6,6
20260612T173835Z,13c231aedc6c4af000cc8e3d111c543a4f647b4d8bedc4a01eb286ff8f65d8e5,config_fold3_teacher_vhr_repair_20260613.yaml;data/features_fold3_teacher_vhr_repair_20260613/B3.csv,42,OK,,B3,RandomForest,fold3_teacher_vhr_cell_88_4,621,1,0,1.0,1.0,1|2|3|4|5|6,5
20260612T173838Z,13c231aedc6c4af000cc8e3d111c543a4f647b4d8bedc4a01eb286ff8f65d8e5,config_fold3_teacher_vhr_repair_20260613.yaml;data/features_fold3_teacher_vhr_repair_20260613/B3.csv,42,OK,,B3,XGBoost,fold3_teacher_vhr_cell_88_4,621,1,0,0.0,0.0,1|2|3|4|5|6,5
20260612T173841Z,13c231aedc6c4af000cc8e3d111c543a4f647b4d8bedc4a01eb286ff8f65d8e5,config_fold3_teacher_vhr_repair_20260613.yaml;data/features_fold3_teacher_vhr_repair_20260613/B3.csv,42,OK,,B3,RandomForest,johor_negeri_pahang_rubber_belt,547,75,0,0.26666666666666666,0.2596825396825397,1|2|3|4|5|6,1|2|4
20260612T173844Z,13c231aedc6c4af000cc8e3d111c543a4f647b4d8bedc4a01eb286ff8f65d8e5,config_fold3_teacher_vhr_repair_20260613.yaml;data/features_fold3_teacher_vhr_repair_20260613/B3.csv,42,OK,,B3,XGBoost,johor_negeri_pahang_rubber_belt,547,75,0,0.28,0.26214574898785425,1|2|3|4|5|6,1|2|4
20260612T173847Z,13c231aedc6c4af000cc8e3d111c543a4f647b4d8bedc4a01eb286ff8f65d8e5,config_fold3_teacher_vhr_repair_20260613.yaml;data/features_fold3_teacher_vhr_repair_20260613/B3.csv,42,OK,,B3,RandomForest,kedah_perlis_paddy_belt,491,131,0,0.4198473282442748,0.29409300377042313,1|2|3|4|5|6,3|5|6
20260612T173849Z,13c231aedc6c4af000cc8e3d111c543a4f647b4d8bedc4a01eb286ff8f65d8e5,config_fold3_teacher_vhr_repair_20260613.yaml;data/features_fold3_teacher_vhr_repair_20260613/B3.csv,42,OK,,B3,XGBoost,kedah_perlis_paddy_belt,491,131,0,0.37404580152671757,0.269683908045977,1|2|3|4|5|6,3|5|6
20260612T173852Z,13c231aedc6c4af000cc8e3d111c543a4f647b4d8bedc4a01eb286ff8f65d8e5,config_fold3_teacher_vhr_repair_20260613.yaml;data/features_fold3_teacher_vhr_repair_20260613/B3.csv,42,OK,,B3,RandomForest,study_area,304,318,0,0.46855345911949686,0.43063301916192626,1|2|3|4|5|6,1|2|3|4|5|6
20260612T173854Z,13c231aedc6c4af000cc8e3d111c543a4f647b4d8bedc4a01eb286ff8f65d8e5,config_fold3_teacher_vhr_repair_20260613.yaml;data/features_fold3_teacher_vhr_repair_20260613/B3.csv,42,OK,,B3,XGBoost,study_area,304,318,0,0.4716981132075472,0.4122873888098397,1|2|3|4|5|6,1|2|3|4|5|6
